区划编码,大区,省,地市,区县,备注
520400,西部,贵州省,安顺市,安顺市,
520424,西部,贵州省,安顺市,关岭布依族苗族自治县,
520403,西部,贵州省,安顺市,平坝区,
520421,西部,贵州省,安顺市,平坝区,
520422,西部,贵州省,安顺市,普定县,
520402,西部,贵州省,安顺市,西秀区,
520491,西部,贵州省,安顺市,西秀区,开发区
520423,西部,贵州省,安顺市,镇宁布依族苗族自治县,
520425,西部,贵州省,安顺市,紫云苗族布依族自治县,
520500,西部,贵州省,毕节市,毕节市,
520521,西部,贵州省,毕节市,大方县,
520527,西部,贵州省,毕节市,赫章县,
520523,西部,贵州省,毕节市,金沙县,
520525,西部,贵州省,毕节市,纳雍县,
520502,西部,贵州省,毕节市,七星关区,
520581,西部,贵州省,毕节市,黔西市,
520522,西部,贵州省,毕节市,黔西市,
520526,西部,贵州省,毕节市,威宁彝族回族苗族自治县,
520524,西部,贵州省,毕节市,织金县,
520113,西部,贵州省,贵阳市,白云区,
520115,西部,贵州省,贵阳市,观山湖区,
520100,西部,贵州省,贵阳市,贵阳市,
520111,西部,贵州省,贵阳市,花溪区,
520121,西部,贵州省,贵阳市,开阳县,
520102,西部,贵州省,贵阳市,南明区,
520116,西部,贵州省,贵阳市,南明区,
520181,西部,贵州省,贵阳市,清镇市,
520112,西部,贵州省,贵阳市,乌当区,
520122,西部,贵州省,贵阳市,息烽县,
520123,西部,贵州省,贵阳市,修文县,
520103,西部,贵州省,贵阳市,云岩区,
520000,西部,贵州省,贵州省,贵州省,
520200,西部,贵州省,六盘水市,六盘水市,
520203,西部,贵州省,六盘水市,六枝特区,
520281,西部,贵州省,六盘水市,盘州市,
520222,西部,贵州省,六盘水市,盘州市,
520204,西部,贵州省,六盘水市,水城区,
520221,西部,贵州省,六盘水市,水城区,
520201,西部,贵州省,六盘水市,钟山区,
522626,西部,贵州省,黔东南苗族侗族自治州,岑巩县,
522633,西部,贵州省,黔东南苗族侗族自治州,从江县,
522636,西部,贵州省,黔东南苗族侗族自治州,丹寨县,
522622,西部,贵州省,黔东南苗族侗族自治州,黄平县,
522629,西部,贵州省,黔东南苗族侗族自治州,剑河县,
522628,西部,贵州省,黔东南苗族侗族自治州,锦屏县,
522601,西部,贵州省,黔东南苗族侗族自治州,凯里市,
522634,西部,贵州省,黔东南苗族侗族自治州,雷山县,
522631,西部,贵州省,黔东南苗族侗族自治州,黎平县,
522635,西部,贵州省,黔东南苗族侗族自治州,麻江县,
522600,西部,贵州省,黔东南苗族侗族自治州,黔东南苗族侗族自治州,
522632,西部,贵州省,黔东南苗族侗族自治州,榕江县,
522624,西部,贵州省,黔东南苗族侗族自治州,三穗县,
522623,西部,贵州省,黔东南苗族侗族自治州,施秉县,
522630,西部,贵州省,黔东南苗族侗族自治州,台江县,
522627,西部,贵州省,黔东南苗族侗族自治州,天柱县,
522625,西部,贵州省,黔东南苗族侗族自治州,镇远县,
522701,西部,贵州省,黔南布依族苗族自治州,都匀市,
522726,西部,贵州省,黔南布依族苗族自治州,独山县,
522702,西部,贵州省,黔南布依族苗族自治州,福泉市,
522723,西部,贵州省,黔南布依族苗族自治州,贵定县,
522731,西部,贵州省,黔南布依族苗族自治州,惠水县,
522722,西部,贵州省,黔南布依族苗族自治州,荔波县,
522730,西部,贵州省,黔南布依族苗族自治州,龙里县,
522728,西部,贵州省,黔南布依族苗族自治州,罗甸县,
522727,西部,贵州省,黔南布依族苗族自治州,平塘县,
522700,西部,贵州省,黔南布依族苗族自治州,黔南布依族苗族自治州,
522732,西部,贵州省,黔南布依族苗族自治州,三都水族自治县,
522725,西部,贵州省,黔南布依族苗族自治州,瓮安县,
522729,西部,贵州省,黔南布依族苗族自治州,长顺县,
522328,西部,贵州省,黔西南布依族苗族自治州,安龙县,
522327,西部,贵州省,黔西南布依族苗族自治州,册亨县,
522323,西部,贵州省,黔西南布依族苗族自治州,普安县,
522300,西部,贵州省,黔西南布依族苗族自治州,黔西南布依族苗族自治州,
522324,西部,贵州省,黔西南布依族苗族自治州,晴隆县,
522326,西部,贵州省,黔西南布依族苗族自治州,望谟县,
522302,西部,贵州省,黔西南布依族苗族自治州,兴仁市,
522322,西部,贵州省,黔西南布依族苗族自治州,兴仁市,
522301,西部,贵州省,黔西南布依族苗族自治州,兴义市,
522325,西部,贵州省,黔西南布依族苗族自治州,贞丰县,
520602,西部,贵州省,铜仁市,碧江区,
520626,西部,贵州省,铜仁市,德江县,
520621,西部,贵州省,铜仁市,江口县,
520623,西部,贵州省,铜仁市,石阡县,
520624,西部,贵州省,铜仁市,思南县,
520628,西部,贵州省,铜仁市,松桃苗族自治县,
520600,西部,贵州省,铜仁市,铜仁市,
520603,西部,贵州省,铜仁市,万山区,
520627,西部,贵州省,铜仁市,沿河土家族自治县,
520625,西部,贵州省,铜仁市,印江土家族苗族自治县,
520622,西部,贵州省,铜仁市,玉屏侗族自治县,
522291,西部,贵州省,铜仁市,玉屏侗族自治县,
520304,西部,贵州省,遵义市,播州区,
520321,西部,贵州省,遵义市,播州区,
520381,西部,贵州省,遵义市,赤水市,
520325,西部,贵州省,遵义市,道真仡佬族苗族自治县,
520327,西部,贵州省,遵义市,凤冈县,
520302,西部,贵州省,遵义市,红花岗区,
520303,西部,贵州省,遵义市,汇川区,
520328,西部,贵州省,遵义市,湄潭县,
520382,西部,贵州省,遵义市,仁怀市,
520323,西部,贵州省,遵义市,绥阳县,
520322,西部,贵州省,遵义市,桐梓县,
520326,西部,贵州省,遵义市,务川仡佬族苗族自治县,
520330,西部,贵州省,遵义市,习水县,
520383,西部,贵州省,遵义市,新蒲新区,
520329,西部,贵州省,遵义市,余庆县,
520324,西部,贵州省,遵义市,正安县,
520300,西部,贵州省,遵义市,遵义市,
610900,西部,陕西省,安康市,安康市,
610902,西部,陕西省,安康市,汉滨区,
610921,西部,陕西省,安康市,汉阴县,
610922,西部,陕西省,安康市,石泉县,
610923,西部,陕西省,安康市,宁陕县,
610924,西部,陕西省,安康市,紫阳县,
610925,西部,陕西省,安康市,岚皋县,
610926,西部,陕西省,安康市,平利县,
610927,西部,陕西省,安康市,镇坪县,
610929,西部,陕西省,安康市,白河县,
610981,西部,陕西省,安康市,旬阳市,
610962,西部,陕西省,安康市,汉滨区,
610928,西部,陕西省,安康市,旬阳市,
610300,西部,陕西省,宝鸡市,宝鸡市,
610302,西部,陕西省,宝鸡市,渭滨区,
610303,西部,陕西省,宝鸡市,金台区,
610304,西部,陕西省,宝鸡市,陈仓区,
610305,西部,陕西省,宝鸡市,凤翔区,
610323,西部,陕西省,宝鸡市,岐山县,
610324,西部,陕西省,宝鸡市,扶风县,
610326,西部,陕西省,宝鸡市,眉县,
610327,西部,陕西省,宝鸡市,陇县,
610328,西部,陕西省,宝鸡市,千阳县,
610329,西部,陕西省,宝鸡市,麟游县,
610330,西部,陕西省,宝鸡市,凤县,
610331,西部,陕西省,宝鸡市,太白县,
610322,西部,陕西省,宝鸡市,凤翔区,
610361,西部,陕西省,宝鸡市,陈仓区,高新区
610362,西部,陕西省,宝鸡市,岐山县,
610700,西部,陕西省,汉中市,汉中市,
610702,西部,陕西省,汉中市,汉台区,
610703,西部,陕西省,汉中市,南郑区,
610722,西部,陕西省,汉中市,城固县,
610723,西部,陕西省,汉中市,洋县,
610724,西部,陕西省,汉中市,西乡县,
610725,西部,陕西省,汉中市,勉县,
610726,西部,陕西省,汉中市,宁强县,
610727,西部,陕西省,汉中市,略阳县,
610728,西部,陕西省,汉中市,镇巴县,
610729,西部,陕西省,汉中市,留坝县,
610730,西部,陕西省,汉中市,佛坪县,
610721,西部,陕西省,汉中市,南郑区,
610761,西部,陕西省,汉中市,汉台区,
611000,西部,陕西省,商洛市,商洛市,
611002,西部,陕西省,商洛市,商州区,
611021,西部,陕西省,商洛市,洛南县,
611022,西部,陕西省,商洛市,丹凤县,
611023,西部,陕西省,商洛市,商南县,
611024,西部,陕西省,商洛市,山阳县,
611025,西部,陕西省,商洛市,镇安县,
611026,西部,陕西省,商洛市,柞水县,
611062,西部,陕西省,商洛市,商州区,
610200,西部,陕西省,铜川市,铜川市,
610202,西部,陕西省,铜川市,王益区,
610203,西部,陕西省,铜川市,印台区,
610204,西部,陕西省,铜川市,耀州区,
610222,西部,陕西省,铜川市,宜君县,
610262,西部,陕西省,铜川市,耀州区,
610500,西部,陕西省,渭南市,渭南市,
610502,西部,陕西省,渭南市,临渭区,
610503,西部,陕西省,渭南市,华州区,
610522,西部,陕西省,渭南市,潼关县,
610523,西部,陕西省,渭南市,大荔县,
610524,西部,陕西省,渭南市,合阳县,
610525,西部,陕西省,渭南市,澄城县,
610526,西部,陕西省,渭南市,蒲城县,
610527,西部,陕西省,渭南市,白水县,
610528,西部,陕西省,渭南市,富平县,
610581,西部,陕西省,渭南市,韩城市,
610582,西部,陕西省,渭南市,华阴市,
610521,西部,陕西省,渭南市,华州区,
610100,西部,陕西省,西安市,西安市,
610102,西部,陕西省,西安市,新城区,
610103,西部,陕西省,西安市,碑林区,
610104,西部,陕西省,西安市,莲湖区,
610111,西部,陕西省,西安市,灞桥区,
610112,西部,陕西省,西安市,未央区,
610113,西部,陕西省,西安市,雁塔区,
610114,西部,陕西省,西安市,阎良区,
610115,西部,陕西省,西安市,临潼区,
610116,西部,陕西省,西安市,长安区,
610117,西部,陕西省,西安市,高陵区,
610118,西部,陕西省,西安市,鄠邑区,
610122,西部,陕西省,西安市,蓝田县,
610124,西部,陕西省,西安市,周至县,
610125,西部,陕西省,西安市,鄠邑区,
610161,西部,陕西省,西安市,鄠邑区,高新区
611202,西部,陕西省,西安市,西咸新区,
611203,西部,陕西省,西安市,西咸新区,
611204,西部,陕西省,西安市,西咸新区,
611205,西部,陕西省,西安市,西咸新区,
611206,西部,陕西省,西安市,西咸新区,
611207,西部,陕西省,西安市,西咸新区,
610126,西部,陕西省,西安市,高陵区,
610158,西部,陕西省,西安市,灞桥区,
610159,西部,陕西省,西安市,长安区,
610160,西部,陕西省,西安市,阎良区,
610162,西部,陕西省,西安市,未央区,
610168,西部,陕西省,西安市,雁塔区,
610400,西部,陕西省,咸阳市,咸阳市,
610402,西部,陕西省,咸阳市,秦都区,
610403,西部,陕西省,咸阳市,杨陵区,
610404,西部,陕西省,咸阳市,渭城区,
610422,西部,陕西省,咸阳市,三原县,
610423,西部,陕西省,咸阳市,泾阳县,
610424,西部,陕西省,咸阳市,乾县,
610425,西部,陕西省,咸阳市,礼泉县,
610426,西部,陕西省,咸阳市,永寿县,
610428,西部,陕西省,咸阳市,长武县,
610429,西部,陕西省,咸阳市,旬邑县,
610430,西部,陕西省,咸阳市,淳化县,
610431,西部,陕西省,咸阳市,武功县,
610481,西部,陕西省,咸阳市,兴平市,
610482,西部,陕西省,咸阳市,彬州市,
610427,西部,陕西省,咸阳市,彬州市,
611102,西部,陕西省,咸阳市,杨凌示范区,
610461,西部,陕西省,咸阳市,秦都区,
610600,西部,陕西省,延安市,延安市,
610602,西部,陕西省,延安市,宝塔区,
610603,西部,陕西省,延安市,安塞区,
610621,西部,陕西省,延安市,延长县,
610622,西部,陕西省,延安市,延川县,
610625,西部,陕西省,延安市,志丹县,
610626,西部,陕西省,延安市,吴起县,
610627,西部,陕西省,延安市,甘泉县,
610628,西部,陕西省,延安市,富县,
610629,西部,陕西省,延安市,洛川县,
610630,西部,陕西省,延安市,宜川县,
610631,西部,陕西省,延安市,黄龙县,
610632,西部,陕西省,延安市,黄陵县,
610681,西部,陕西省,延安市,子长市,
610623,西部,陕西省,延安市,子长市,
610624,西部,陕西省,延安市,安塞区,
610800,西部,陕西省,榆林市,榆林市,
610802,西部,陕西省,榆林市,榆阳区,
610803,西部,陕西省,榆林市,横山区,
610822,西部,陕西省,榆林市,府谷县,
610824,西部,陕西省,榆林市,靖边县,
610825,西部,陕西省,榆林市,定边县,
610826,西部,陕西省,榆林市,绥德县,
610827,西部,陕西省,榆林市,米脂县,
610828,西部,陕西省,榆林市,佳县,
610829,西部,陕西省,榆林市,吴堡县,
610830,西部,陕西省,榆林市,清涧县,
610831,西部,陕西省,榆林市,子洲县,
610881,西部,陕西省,榆林市,神木市,
610821,西部,陕西省,榆林市,神木市,
610823,西部,陕西省,榆林市,横山区,
610836,西部,陕西省,榆林市,榆阳区,
513200,西部,四川省,阿坝藏族羌族自治州,阿坝藏族羌族自治州,
513201,西部,四川省,阿坝藏族羌族自治州,马尔康市,
513221,西部,四川省,阿坝藏族羌族自治州,汶川县,
513222,西部,四川省,阿坝藏族羌族自治州,理县,
513223,西部,四川省,阿坝藏族羌族自治州,茂县,
513224,西部,四川省,阿坝藏族羌族自治州,松潘县,
513225,西部,四川省,阿坝藏族羌族自治州,九寨沟县,
513226,西部,四川省,阿坝藏族羌族自治州,金川县,
513227,西部,四川省,阿坝藏族羌族自治州,小金县,
513228,西部,四川省,阿坝藏族羌族自治州,黑水县,
513230,西部,四川省,阿坝藏族羌族自治州,壤塘县,
513231,西部,四川省,阿坝藏族羌族自治州,阿坝县,
513232,西部,四川省,阿坝藏族羌族自治州,若尔盖县,
513233,西部,四川省,阿坝藏族羌族自治州,红原县,
511900,西部,四川省,巴中市,巴中市,
511902,西部,四川省,巴中市,巴州区,
511903,西部,四川省,巴中市,恩阳区,
511921,西部,四川省,巴中市,通江县,
511922,西部,四川省,巴中市,南江县,
511923,西部,四川省,巴中市,平昌县,
511924,西部,四川省,巴中市,巴州区,巴中经济技术开发区
511926,西部,四川省,巴中市,巴州区,
510100,西部,四川省,成都市,成都市,
510104,西部,四川省,成都市,锦江区,
510105,西部,四川省,成都市,青羊区,
510106,西部,四川省,成都市,金牛区,
510107,西部,四川省,成都市,武侯区,
510108,西部,四川省,成都市,成华区,
510112,西部,四川省,成都市,龙泉驿区,
510113,西部,四川省,成都市,青白江区,
510114,西部,四川省,成都市,新都区,
510115,西部,四川省,成都市,温江区,
510116,西部,四川省,成都市,双流区,
510117,西部,四川省,成都市,郫都区,
510118,西部,四川省,成都市,新津区,
510121,西部,四川省,成都市,金堂县,
510129,西部,四川省,成都市,大邑县,
510131,西部,四川省,成都市,蒲江县,
510181,西部,四川省,成都市,都江堰市,
510182,西部,四川省,成都市,彭州市,
510183,西部,四川省,成都市,邛崃市,
510184,西部,四川省,成都市,崇州市,
510185,西部,四川省,成都市,简阳市,
510109,西部,四川省,成都市,武侯区,高新区
510110,西部,四川省,成都市,双流区,四川天府新区
510132,西部,四川省,成都市,新津区,
510186,西部,四川省,成都市,简阳市,东部新区
511700,西部,四川省,达州市,达州市,
511702,西部,四川省,达州市,通川区,
511703,西部,四川省,达州市,达川区,
511722,西部,四川省,达州市,宣汉县,
511723,西部,四川省,达州市,开江县,
511724,西部,四川省,达州市,大竹县,
511725,西部,四川省,达州市,渠县,
511781,西部,四川省,达州市,万源市,
511726,西部,四川省,达州市,达川区,达州高新区
511715,西部,四川省,达州市,达川区,
510600,西部,四川省,德阳市,德阳市,
510603,西部,四川省,德阳市,旌阳区,
510604,西部,四川省,德阳市,罗江区,
510623,西部,四川省,德阳市,中江县,
510681,西部,四川省,德阳市,广汉市,
510682,西部,四川省,德阳市,什邡市,
510683,西部,四川省,德阳市,绵竹市,
510626,西部,四川省,德阳市,罗江区,
510699,西部,四川省,德阳市,旌阳区,
513300,西部,四川省,甘孜藏族自治州,甘孜藏族自治州,
513301,西部,四川省,甘孜藏族自治州,康定市,
513321,西部,四川省,甘孜藏族自治州,康定市,
513322,西部,四川省,甘孜藏族自治州,泸定县,
513323,西部,四川省,甘孜藏族自治州,丹巴县,
513324,西部,四川省,甘孜藏族自治州,九龙县,
513325,西部,四川省,甘孜藏族自治州,雅江县,
513326,西部,四川省,甘孜藏族自治州,道孚县,
513327,西部,四川省,甘孜藏族自治州,炉霍县,
513328,西部,四川省,甘孜藏族自治州,甘孜县,
513329,西部,四川省,甘孜藏族自治州,新龙县,
513330,西部,四川省,甘孜藏族自治州,德格县,
513331,西部,四川省,甘孜藏族自治州,白玉县,
513332,西部,四川省,甘孜藏族自治州,石渠县,
513333,西部,四川省,甘孜藏族自治州,色达县,
513334,西部,四川省,甘孜藏族自治州,理塘县,
513335,西部,四川省,甘孜藏族自治州,巴塘县,
513336,西部,四川省,甘孜藏族自治州,乡城县,
513337,西部,四川省,甘孜藏族自治州,稻城县,
513338,西部,四川省,甘孜藏族自治州,得荣县,
511600,西部,四川省,广安市,广安市,
511602,西部,四川省,广安市,广安区,
511603,西部,四川省,广安市,前锋区,
511621,西部,四川省,广安市,岳池县,
511622,西部,四川省,广安市,武胜县,
511623,西部,四川省,广安市,邻水县,
511681,西部,四川省,广安市,华蓥市,
511624,西部,四川省,广安市,广安区,
511697,西部,四川省,广安市,邻水县,
510800,西部,四川省,广元市,广元市,
510802,西部,四川省,广元市,利州区,
510811,西部,四川省,广元市,昭化区,
510812,西部,四川省,广元市,朝天区,
510821,西部,四川省,广元市,旺苍县,
510822,西部,四川省,广元市,青川县,
510823,西部,四川省,广元市,剑阁县,
510824,西部,四川省,广元市,苍溪县,
510803,西部,四川省,广元市,利州区,
511100,西部,四川省,乐山市,乐山市,
51199,西部,四川省,乐山市,乐山市,
511102,西部,四川省,乐山市,市中区,
511111,西部,四川省,乐山市,沙湾区,
511112,西部,四川省,乐山市,五通桥区,
511113,西部,四川省,乐山市,金口河区,
511123,西部,四川省,乐山市,犍为县,
511124,西部,四川省,乐山市,井研县,
51124,西部,四川省,乐山市,井研县,
511126,西部,四川省,乐山市,夹江县,
511129,西部,四川省,乐山市,沐川县,
511132,西部,四川省,乐山市,峨边彝族自治县,
511133,西部,四川省,乐山市,马边彝族自治县,
511181,西部,四川省,乐山市,峨眉山市,
51181,西部,四川省,乐山市,峨眉山市,
511199,西部,四川省,乐山市,市中区,
513400,西部,四川省,凉山彝族自治州,凉山彝族自治州,
513401,西部,四川省,凉山彝族自治州,西昌市,
513402,西部,四川省,凉山彝族自治州,会理市,
513422,西部,四川省,凉山彝族自治州,木里藏族自治县,
513423,西部,四川省,凉山彝族自治州,盐源县,
513424,西部,四川省,凉山彝族自治州,德昌县,
513426,西部,四川省,凉山彝族自治州,会东县,
513427,西部,四川省,凉山彝族自治州,宁南县,
513428,西部,四川省,凉山彝族自治州,普格县,
513429,西部,四川省,凉山彝族自治州,布拖县,
513430,西部,四川省,凉山彝族自治州,金阳县,
513431,西部,四川省,凉山彝族自治州,昭觉县,
513432,西部,四川省,凉山彝族自治州,喜德县,
513433,西部,四川省,凉山彝族自治州,冕宁县,
513434,西部,四川省,凉山彝族自治州,越西县,
513435,西部,四川省,凉山彝族自治州,甘洛县,
513436,西部,四川省,凉山彝族自治州,美姑县,
513437,西部,四川省,凉山彝族自治州,雷波县,
513425,西部,四川省,凉山彝族自治州,会理市,
510500,西部,四川省,泸州市,泸州市,
510502,西部,四川省,泸州市,江阳区,
510503,西部,四川省,泸州市,纳溪区,
510504,西部,四川省,泸州市,龙马潭区,
510521,西部,四川省,泸州市,泸县,
510522,西部,四川省,泸州市,合江县,
510524,西部,四川省,泸州市,叙永县,
510525,西部,四川省,泸州市,古蔺县,
511400,西部,四川省,眉山市,眉山市,
511402,西部,四川省,眉山市,东坡区,
511403,西部,四川省,眉山市,彭山区,
511421,西部,四川省,眉山市,仁寿县,
511423,西部,四川省,眉山市,洪雅县,
511424,西部,四川省,眉山市,丹棱县,
511425,西部,四川省,眉山市,青神县,
511422,西部,四川省,眉山市,彭山区,
511452,西部,四川省,眉山市,东坡区,
510700,西部,四川省,绵阳市,绵阳市,
510703,西部,四川省,绵阳市,涪城区,
510704,西部,四川省,绵阳市,游仙区,
510705,西部,四川省,绵阳市,安州区,
510722,西部,四川省,绵阳市,三台县,
510723,西部,四川省,绵阳市,盐亭县,
510725,西部,四川省,绵阳市,梓潼县,
510726,西部,四川省,绵阳市,北川羌族自治县,
510727,西部,四川省,绵阳市,平武县,
510781,西部,四川省,绵阳市,江油市,
510724,西部,四川省,绵阳市,安州区,
510796,西部,四川省,绵阳市,涪城区,经济技术开发区
510701,西部,四川省,绵阳市,涪城区,
510759,西部,四川省,绵阳市,游仙区,
511300,西部,四川省,南充市,南充市,
511302,西部,四川省,南充市,顺庆区,
511303,西部,四川省,南充市,高坪区,
511304,西部,四川省,南充市,嘉陵区,
511321,西部,四川省,南充市,南部县,
511322,西部,四川省,南充市,营山县,
511323,西部,四川省,南充市,蓬安县,
511324,西部,四川省,南充市,仪陇县,
511325,西部,四川省,南充市,西充县,
511381,西部,四川省,南充市,阆中市,
511000,西部,四川省,内江市,内江市,
511002,西部,四川省,内江市,市中区,
511011,西部,四川省,内江市,东兴区,
511024,西部,四川省,内江市,威远县,
511025,西部,四川省,内江市,资中县,
511083,西部,四川省,内江市,隆昌市,
511028,西部,四川省,内江市,隆昌市,
511051,西部,四川省,内江市,市中区,
511098,西部,四川省,内江市,市中区,
510400,西部,四川省,攀枝花市,攀枝花市,
510402,西部,四川省,攀枝花市,东区,
510403,西部,四川省,攀枝花市,西区,
510411,西部,四川省,攀枝花市,仁和区,
510421,西部,四川省,攀枝花市,米易县,
510422,西部,四川省,攀枝花市,盐边县,
510499,西部,四川省,攀枝花市,东区,
510000,西部,四川省,四川省,四川省,
510900,西部,四川省,遂宁市,遂宁市,
510903,西部,四川省,遂宁市,船山区,
510904,西部,四川省,遂宁市,安居区,
510921,西部,四川省,遂宁市,蓬溪县,
510923,西部,四川省,遂宁市,大英县,
510981,西部,四川省,遂宁市,射洪市,
510922,西部,四川省,遂宁市,射洪市,
510924,西部,四川省,遂宁市,船山区,
510925,西部,四川省,遂宁市,船山区,
510907,西部,四川省,遂宁市,船山区,
511800,西部,四川省,雅安市,雅安市,
511802,西部,四川省,雅安市,雨城区,
511803,西部,四川省,雅安市,名山区,
511822,西部,四川省,雅安市,荥经县,
511823,西部,四川省,雅安市,汉源县,
511824,西部,四川省,雅安市,石棉县,
511825,西部,四川省,雅安市,天全县,
511826,西部,四川省,雅安市,芦山县,
511827,西部,四川省,雅安市,宝兴县,
511850,西部,四川省,雅安市,雨城区,
511500,西部,四川省,宜宾市,宜宾市,
511502,西部,四川省,宜宾市,翠屏区,
511503,西部,四川省,宜宾市,南溪区,
511504,西部,四川省,宜宾市,叙州区,
511523,西部,四川省,宜宾市,江安县,
511524,西部,四川省,宜宾市,长宁县,
511525,西部,四川省,宜宾市,高县,
511526,西部,四川省,宜宾市,珙县,
511527,西部,四川省,宜宾市,筠连县,
511528,西部,四川省,宜宾市,兴文县,
511529,西部,四川省,宜宾市,屏山县,
511521,西部,四川省,宜宾市,叙州区,
511534,西部,四川省,宜宾市,叙州区,
511599,西部,四川省,宜宾市,翠屏区,三江新区
512000,西部,四川省,资阳市,资阳市,
512002,西部,四川省,资阳市,雁江区,
512021,西部,四川省,资阳市,安岳县,
512022,西部,四川省,资阳市,乐至县,
512051,西部,四川省,资阳市,雁江区,
510300,西部,四川省,自贡市,自贡市,
510302,西部,四川省,自贡市,自流井区,
510303,西部,四川省,自贡市,贡井区,
510304,西部,四川省,自贡市,大安区,
510311,西部,四川省,自贡市,沿滩区,
510321,西部,四川省,自贡市,荣县,
510322,西部,四川省,自贡市,富顺县,
510323,西部,四川省,自贡市,自流井区,
530500,西部,云南省,保山市,保山市,
530502,西部,云南省,保山市,隆阳区,
530521,西部,云南省,保山市,施甸县,
530523,西部,云南省,保山市,龙陵县,
530524,西部,云南省,保山市,昌宁县,
530581,西部,云南省,保山市,腾冲市,
532300,西部,云南省,楚雄彝族自治州,楚雄彝族自治州,
532301,西部,云南省,楚雄彝族自治州,楚雄市,
532302,西部,云南省,楚雄彝族自治州,禄丰市,
532322,西部,云南省,楚雄彝族自治州,双柏县,
532323,西部,云南省,楚雄彝族自治州,牟定县,
532324,西部,云南省,楚雄彝族自治州,南华县,
532325,西部,云南省,楚雄彝族自治州,姚安县,
532326,西部,云南省,楚雄彝族自治州,大姚县,
532327,西部,云南省,楚雄彝族自治州,永仁县,
532328,西部,云南省,楚雄彝族自治州,元谋县,
532329,西部,云南省,楚雄彝族自治州,武定县,
532331,西部,云南省,楚雄彝族自治州,禄丰市,
532900,西部,云南省,大理白族自治州,大理白族自治州,
532901,西部,云南省,大理白族自治州,大理市,
532922,西部,云南省,大理白族自治州,漾濞彝族自治县,
532923,西部,云南省,大理白族自治州,祥云县,
532924,西部,云南省,大理白族自治州,宾川县,
532925,西部,云南省,大理白族自治州,弥渡县,
532926,西部,云南省,大理白族自治州,南涧彝族自治县,
532927,西部,云南省,大理白族自治州,巍山彝族回族自治县,
532928,西部,云南省,大理白族自治州,永平县,
532929,西部,云南省,大理白族自治州,云龙县,
532930,西部,云南省,大理白族自治州,洱源县,
532931,西部,云南省,大理白族自治州,剑川县,
532932,西部,云南省,大理白族自治州,鹤庆县,
533100,西部,云南省,德宏傣族景颇族自治州,德宏傣族景颇族自治州,
533102,西部,云南省,德宏傣族景颇族自治州,瑞丽市,
533103,西部,云南省,德宏傣族景颇族自治州,芒市,
533122,西部,云南省,德宏傣族景颇族自治州,梁河县,
533123,西部,云南省,德宏傣族景颇族自治州,盈江县,
533124,西部,云南省,德宏傣族景颇族自治州,陇川县,
533400,西部,云南省,迪庆藏族自治州,迪庆藏族自治州,
533401,西部,云南省,迪庆藏族自治州,香格里拉市,
533422,西部,云南省,迪庆藏族自治州,德钦县,
533423,西部,云南省,迪庆藏族自治州,维西傈僳族自治县,
532500,西部,云南省,红河哈尼族彝族自治州,红河哈尼族彝族自治州,
532501,西部,云南省,红河哈尼族彝族自治州,个旧市,
532502,西部,云南省,红河哈尼族彝族自治州,开远市,
532503,西部,云南省,红河哈尼族彝族自治州,蒙自市,
532504,西部,云南省,红河哈尼族彝族自治州,弥勒市,
532523,西部,云南省,红河哈尼族彝族自治州,屏边苗族自治县,
532524,西部,云南省,红河哈尼族彝族自治州,建水县,
532525,西部,云南省,红河哈尼族彝族自治州,石屏县,
532527,西部,云南省,红河哈尼族彝族自治州,泸西县,
532528,西部,云南省,红河哈尼族彝族自治州,元阳县,
532529,西部,云南省,红河哈尼族彝族自治州,红河县,
532530,西部,云南省,红河哈尼族彝族自治州,金平苗族瑶族傣族自治县,
532531,西部,云南省,红河哈尼族彝族自治州,绿春县,
532532,西部,云南省,红河哈尼族彝族自治州,河口瑶族自治县,
530100,西部,云南省,昆明市,昆明市,
530102,西部,云南省,昆明市,五华区,
530103,西部,云南省,昆明市,盘龙区,
530111,西部,云南省,昆明市,官渡区,
530112,西部,云南省,昆明市,西山区,
530113,西部,云南省,昆明市,东川区,
530114,西部,云南省,昆明市,呈贡区,
530115,西部,云南省,昆明市,晋宁区,
530124,西部,云南省,昆明市,富民县,
530125,西部,云南省,昆明市,宜良县,
530126,西部,云南省,昆明市,石林彝族自治县,
530127,西部,云南省,昆明市,嵩明县,
530128,西部,云南省,昆明市,禄劝彝族苗族自治县,
530129,西部,云南省,昆明市,寻甸回族彝族自治县,
530181,西部,云南省,昆明市,安宁市,
530200,西部,云南省,昆明市,官渡区,滇中新区
530133,西部,云南省,昆明市,呈贡区,
530130,西部,云南省,昆明市,呈贡区,
530131,西部,云南省,昆明市,呈贡区,
530132,西部,云南省,昆明市,呈贡区,
530700,西部,云南省,丽江市,丽江市,
530702,西部,云南省,丽江市,古城区,
530721,西部,云南省,丽江市,玉龙纳西族自治县,
530722,西部,云南省,丽江市,永胜县,
530723,西部,云南省,丽江市,华坪县,
530724,西部,云南省,丽江市,宁蒗彝族自治县,
530900,西部,云南省,临沧市,临沧市,
530902,西部,云南省,临沧市,临翔区,
530921,西部,云南省,临沧市,凤庆县,
530922,西部,云南省,临沧市,云县,
530923,西部,云南省,临沧市,永德县,
530924,西部,云南省,临沧市,镇康县,
530925,西部,云南省,临沧市,双江拉祜族佤族布朗族傣族自治县,
530926,西部,云南省,临沧市,耿马傣族佤族自治县,
530927,西部,云南省,临沧市,沧源佤族自治县,
533300,西部,云南省,怒江傈僳族自治州,怒江傈僳族自治州,
533301,西部,云南省,怒江傈僳族自治州,泸水市,
533323,西部,云南省,怒江傈僳族自治州,福贡县,
533324,西部,云南省,怒江傈僳族自治州,贡山独龙族怒族自治县,
533325,西部,云南省,怒江傈僳族自治州,兰坪白族普米族自治县,
530800,西部,云南省,普洱市,普洱市,
530802,西部,云南省,普洱市,思茅区,
530821,西部,云南省,普洱市,宁洱哈尼族彝族自治县,
530822,西部,云南省,普洱市,墨江哈尼族自治县,
530823,西部,云南省,普洱市,景东彝族自治县,
530824,西部,云南省,普洱市,景谷傣族彝族自治县,
530825,西部,云南省,普洱市,镇沅彝族哈尼族拉祜族自治县,
530826,西部,云南省,普洱市,江城哈尼族彝族自治县,
530827,西部,云南省,普洱市,孟连傣族拉祜族佤族自治县,
530828,西部,云南省,普洱市,澜沧拉祜族自治县,
530829,西部,云南省,普洱市,西盟佤族自治县,
530300,西部,云南省,曲靖市,曲靖市,
530302,西部,云南省,曲靖市,麒麟区,
530303,西部,云南省,曲靖市,沾益区,
530304,西部,云南省,曲靖市,马龙区,
530322,西部,云南省,曲靖市,陆良县,
530323,西部,云南省,曲靖市,师宗县,
530324,西部,云南省,曲靖市,罗平县,
530325,西部,云南省,曲靖市,富源县,
530326,西部,云南省,曲靖市,会泽县,
530381,西部,云南省,曲靖市,宣威市,
530321,西部,云南省,曲靖市,马龙区,
532600,西部,云南省,文山壮族苗族自治州,文山壮族苗族自治州,
532601,西部,云南省,文山壮族苗族自治州,文山市,
532622,西部,云南省,文山壮族苗族自治州,砚山县,
532623,西部,云南省,文山壮族苗族自治州,西畴县,
532624,西部,云南省,文山壮族苗族自治州,麻栗坡县,
532625,西部,云南省,文山壮族苗族自治州,马关县,
532626,西部,云南省,文山壮族苗族自治州,丘北县,
532627,西部,云南省,文山壮族苗族自治州,广南县,
532628,西部,云南省,文山壮族苗族自治州,富宁县,
532800,西部,云南省,西双版纳傣族自治州,西双版纳傣族自治州,
532801,西部,云南省,西双版纳傣族自治州,景洪市,
532822,西部,云南省,西双版纳傣族自治州,勐海县,
532823,西部,云南省,西双版纳傣族自治州,勐腊县,
530139,西部,云南省,西双版纳傣族自治州,勐腊县,
530400,西部,云南省,玉溪市,玉溪市,
530402,西部,云南省,玉溪市,红塔区,
530403,西部,云南省,玉溪市,江川区,
530423,西部,云南省,玉溪市,通海县,
530424,西部,云南省,玉溪市,华宁县,
530425,西部,云南省,玉溪市,易门县,
530426,西部,云南省,玉溪市,峨山彝族自治县,
530427,西部,云南省,玉溪市,新平彝族傣族自治县,
530428,西部,云南省,玉溪市,元江哈尼族彝族傣族自治县,
530481,西部,云南省,玉溪市,澄江市,
530422,西部,云南省,玉溪市,澄江市,
530000,西部,云南省,云南省,云南省,
530600,西部,云南省,昭通市,昭通市,
530602,西部,云南省,昭通市,昭阳区,
530621,西部,云南省,昭通市,鲁甸县,
530622,西部,云南省,昭通市,巧家县,
530623,西部,云南省,昭通市,盐津县,
530624,西部,云南省,昭通市,大关县,
530625,西部,云南省,昭通市,永善县,
530626,西部,云南省,昭通市,绥江县,
530627,西部,云南省,昭通市,镇雄县,
530628,西部,云南省,昭通市,彝良县,
530629,西部,云南省,昭通市,威信县,
530681,西部,云南省,昭通市,水富市,
500113,西部,重庆市,巴南区,巴南区,
500109,西部,重庆市,北碚区,北碚区,
500120,西部,重庆市,璧山区,璧山区,
500229,西部,重庆市,城口县,城口县,
500104,西部,重庆市,大渡口区,大渡口区,
500111,西部,重庆市,大足区,大足区,
500231,西部,重庆市,垫江县,垫江县,
500230,西部,重庆市,丰都县,丰都县,
500236,西部,重庆市,奉节县,奉节县,
500102,西部,重庆市,涪陵区,涪陵区,
500356,西部,重庆市,高新区,九龙坡区,
500117,西部,重庆市,合川区,合川区,
500116,西部,重庆市,江津区,江津区,
500355,西部,重庆市,经开区,南岸区,
500107,西部,重庆市,九龙坡区,九龙坡区,
500154,西部,重庆市,开州区,开州区,
500155,西部,重庆市,梁平区,梁平区,
500105,西部,重庆市,两江新区,两江新区,
500112,西部,重庆市,两江新区,两江新区,
500157,西部,重庆市,两江新区,两江新区,
500108,西部,重庆市,南岸区,南岸区,
500119,西部,重庆市,南川区,南川区,
500243,西部,重庆市,彭水苗族土家族自治县,彭水苗族土家族自治县,
500110,西部,重庆市,綦江区,綦江区,
500359,西部,重庆市,綦江区,綦江区,
500114,西部,重庆市,黔江区,黔江区,
500153,西部,重庆市,荣昌区,荣昌区,
500106,西部,重庆市,沙坪坝区,沙坪坝区,
500240,西部,重庆市,石柱土家族自治县,石柱土家族自治县,
500151,西部,重庆市,铜梁区,铜梁区,
500152,西部,重庆市,潼南区,潼南区,
500101,西部,重庆市,万州区,万州区,
500237,西部,重庆市,巫山县,巫山县,
500238,西部,重庆市,巫溪县,巫溪县,
500156,西部,重庆市,武隆区,武隆区,
500241,西部,重庆市,秀山土家族苗族自治县,秀山土家族苗族自治县,
500118,西部,重庆市,永川区,永川区,
500242,西部,重庆市,酉阳土家族苗族自治县,酉阳土家族苗族自治县,
500103,西部,重庆市,渝中区,渝中区,
500235,西部,重庆市,云阳县,云阳县,
500115,西部,重庆市,长寿区,长寿区,
500233,西部,重庆市,忠县,忠县,
500000,西部,重庆市,重庆市,重庆市,
430100,华南,湖南省,长沙市,长沙市,
430102,华南,湖南省,长沙市,芙蓉区,
430103,华南,湖南省,长沙市,天心区,
430104,华南,湖南省,长沙市,岳麓区,
430105,华南,湖南省,长沙市,开福区,
430111,华南,湖南省,长沙市,雨花区,
430112,华南,湖南省,长沙市,望城区,
430121,华南,湖南省,长沙市,长沙县,
430181,华南,湖南省,长沙市,浏阳市,
430182,华南,湖南省,长沙市,宁乡市,
430202,华南,湖南省,株洲市,荷塘区,
430203,华南,湖南省,株洲市,芦淞区,
430204,华南,湖南省,株洲市,石峰区,
430211,华南,湖南省,株洲市,天元区,
430212,华南,湖南省,株洲市,渌口区,
430223,华南,湖南省,株洲市,攸县,
430224,华南,湖南省,株洲市,茶陵县,
430225,华南,湖南省,株洲市,炎陵县,
430281,华南,湖南省,株洲市,醴陵市,
430302,华南,湖南省,湘潭市,雨湖区,
430304,华南,湖南省,湘潭市,岳塘区,
430321,华南,湖南省,湘潭市,湘潭县,
430381,华南,湖南省,湘潭市,湘乡市,
430382,华南,湖南省,湘潭市,韶山市,
430101,华南,湖南省,长沙市,长沙市,
430405,华南,湖南省,衡阳市,珠晖区,
430406,华南,湖南省,衡阳市,雁峰区,
430407,华南,湖南省,衡阳市,石鼓区,
430408,华南,湖南省,衡阳市,蒸湘区,
430412,华南,湖南省,衡阳市,南岳区,
430421,华南,湖南省,衡阳市,衡阳县,
430422,华南,湖南省,衡阳市,衡南县,
430423,华南,湖南省,衡阳市,衡山县,
430424,华南,湖南省,衡阳市,衡东县,
430426,华南,湖南省,衡阳市,祁东县,
430481,华南,湖南省,衡阳市,耒阳市,
430482,华南,湖南省,衡阳市,常宁市,
430200,华南,湖南省,株洲市,株洲市,
430502,华南,湖南省,邵阳市,双清区,
430503,华南,湖南省,邵阳市,大祥区,
430511,华南,湖南省,邵阳市,北塔区,
430522,华南,湖南省,邵阳市,新邵县,
430523,华南,湖南省,邵阳市,邵阳县,
430524,华南,湖南省,邵阳市,隆回县,
430525,华南,湖南省,邵阳市,洞口县,
430527,华南,湖南省,邵阳市,绥宁县,
430528,华南,湖南省,邵阳市,新宁县,
430529,华南,湖南省,邵阳市,城步苗族自治县,
430581,华南,湖南省,邵阳市,武冈市,
430582,华南,湖南省,邵阳市,邵东市,
430602,华南,湖南省,岳阳市,岳阳楼区,
430603,华南,湖南省,岳阳市,云溪区,
430611,华南,湖南省,岳阳市,君山区,
430621,华南,湖南省,岳阳市,岳阳县,
430623,华南,湖南省,岳阳市,华容县,
430624,华南,湖南省,岳阳市,湘阴县,
430626,华南,湖南省,岳阳市,平江县,
430681,华南,湖南省,岳阳市,汨罗市,
430682,华南,湖南省,岳阳市,临湘市,
430702,华南,湖南省,常德市,武陵区,
430703,华南,湖南省,常德市,鼎城区,
430721,华南,湖南省,常德市,安乡县,
430722,华南,湖南省,常德市,汉寿县,
430723,华南,湖南省,常德市,澧县,
430724,华南,湖南省,常德市,临澧县,
430725,华南,湖南省,常德市,桃源县,
430726,华南,湖南省,常德市,石门县,
430781,华南,湖南省,常德市,津市市,
430300,华南,湖南省,湘潭市,湘潭市,
430802,华南,湖南省,张家界市,永定区,
430811,华南,湖南省,张家界市,武陵源区,
430821,华南,湖南省,张家界市,慈利县,
430822,华南,湖南省,张家界市,桑植县,
430900,华南,湖南省,益阳市,益阳市,
430902,华南,湖南省,益阳市,资阳区,
430903,华南,湖南省,益阳市,赫山区,
430921,华南,湖南省,益阳市,南县,
430922,华南,湖南省,益阳市,桃江县,
430923,华南,湖南省,益阳市,安化县,
430981,华南,湖南省,益阳市,沅江市,
430400,华南,湖南省,衡阳市,衡阳市,
431002,华南,湖南省,郴州市,北湖区,
431003,华南,湖南省,郴州市,苏仙区,
431021,华南,湖南省,郴州市,桂阳县,
431022,华南,湖南省,郴州市,宜章县,
431023,华南,湖南省,郴州市,永兴县,
431024,华南,湖南省,郴州市,嘉禾县,
431025,华南,湖南省,郴州市,临武县,
431026,华南,湖南省,郴州市,汝城县,
431027,华南,湖南省,郴州市,桂东县,
431028,华南,湖南省,郴州市,安仁县,
431081,华南,湖南省,郴州市,资兴市,
431102,华南,湖南省,永州市,零陵区,
431103,华南,湖南省,永州市,冷水滩区,
431121,华南,湖南省,永州市,祁阳县,
431122,华南,湖南省,永州市,东安县,
431123,华南,湖南省,永州市,双牌县,
431124,华南,湖南省,永州市,道县,
431125,华南,湖南省,永州市,江永县,
431126,华南,湖南省,永州市,宁远县,
431127,华南,湖南省,永州市,蓝山县,
431128,华南,湖南省,永州市,新田县,
431129,华南,湖南省,永州市,江华瑶族自治县,
431202,华南,湖南省,怀化市,鹤城区,
431221,华南,湖南省,怀化市,中方县,
431222,华南,湖南省,怀化市,沅陵县,
431223,华南,湖南省,怀化市,辰溪县,
431224,华南,湖南省,怀化市,溆浦县,
431225,华南,湖南省,怀化市,会同县,
431226,华南,湖南省,怀化市,麻阳苗族自治县,
431227,华南,湖南省,怀化市,新晃侗族自治县,
431228,华南,湖南省,怀化市,芷江侗族自治县,
431229,华南,湖南省,怀化市,靖州苗族侗族自治县,
431230,华南,湖南省,怀化市,通道侗族自治县,
431281,华南,湖南省,怀化市,洪江市,
430472,华南,湖南省,衡阳市,高新区,
431302,华南,湖南省,娄底市,娄星区,
431321,华南,湖南省,娄底市,双峰县,
431322,华南,湖南省,娄底市,新化县,
431381,华南,湖南省,娄底市,冷水江市,
431382,华南,湖南省,娄底市,涟源市,
430500,华南,湖南省,邵阳市,邵阳市,
433101,华南,湖南省,湘西土家族苗族自治州,吉首市,
433122,华南,湖南省,湘西土家族苗族自治州,泸溪县,
433123,华南,湖南省,湘西土家族苗族自治州,凤凰县,
433124,华南,湖南省,湘西土家族苗族自治州,花垣县,
433125,华南,湖南省,湘西土家族苗族自治州,保靖县,
433126,华南,湖南省,湘西土家族苗族自治州,古丈县,
433127,华南,湖南省,湘西土家族苗族自治州,永顺县,
433130,华南,湖南省,湘西土家族苗族自治州,龙山县,
430521,华南,湖南省,邵阳市,邵东市,
430600,华南,湖南省,岳阳市,岳阳市,
430700,华南,湖南省,常德市,常德市,
430221,华南,湖南省,株洲市,渌口区,
430800,华南,湖南省,张家界市,张家界市,
431000,华南,湖南省,郴州市,郴州市,
431100,华南,湖南省,永州市,永州市,
431200,华南,湖南省,怀化市,怀化市,
431300,华南,湖南省,娄底市,娄底市,
433100,华南,湖南省,湘西土家族苗族自治州,湘西土家族苗族自治州,
430271,华南,湖南省,株洲市,高新区,
430371,华南,湖南省,湘潭市,高新区,
430771,华南,湖南省,常德市,常德市西洞庭管理区,
431271,华南,湖南省,怀化市,怀化市洪江管理区,
230100,东北,黑龙江省, 哈尔滨市,哈尔滨市,
230102,东北,黑龙江省, 哈尔滨市,道里区,
230103,东北,黑龙江省, 哈尔滨市,南岗区,
230104,东北,黑龙江省, 哈尔滨市,道外区,
230108,东北,黑龙江省, 哈尔滨市,平房区,
230109,东北,黑龙江省, 哈尔滨市,松北区,
230110,东北,黑龙江省, 哈尔滨市,香坊区,
230111,东北,黑龙江省, 哈尔滨市,呼兰区,
230112,东北,黑龙江省, 哈尔滨市,阿城区,
230113,东北,黑龙江省, 哈尔滨市,双城区,
230123,东北,黑龙江省, 哈尔滨市,依兰县,
230124,东北,黑龙江省, 哈尔滨市,方正县,
230125,东北,黑龙江省, 哈尔滨市,宾县,
230126,东北,黑龙江省, 哈尔滨市,巴彦县,
230127,东北,黑龙江省, 哈尔滨市,木兰县,
230128,东北,黑龙江省, 哈尔滨市,通河县,
230129,东北,黑龙江省, 哈尔滨市,延寿县,
230183,东北,黑龙江省, 哈尔滨市,尚志市,
230184,东北,黑龙江省, 哈尔滨市,五常市,
230200,东北,黑龙江省, 齐齐哈尔市,齐齐哈尔市,
230202,东北,黑龙江省, 齐齐哈尔市,龙沙区,
230203,东北,黑龙江省, 齐齐哈尔市,建华区,
230204,东北,黑龙江省, 齐齐哈尔市,铁锋区,
230205,东北,黑龙江省, 齐齐哈尔市,昂昂溪区,
230206,东北,黑龙江省, 齐齐哈尔市,富拉尔基区,
230207,东北,黑龙江省, 齐齐哈尔市,碾子山区,
230208,东北,黑龙江省, 齐齐哈尔市,梅里斯达斡尔族区,
230221,东北,黑龙江省, 齐齐哈尔市,龙江县,
230223,东北,黑龙江省, 齐齐哈尔市,依安县,
230224,东北,黑龙江省, 齐齐哈尔市,泰来县,
230225,东北,黑龙江省, 齐齐哈尔市,甘南县,
230227,东北,黑龙江省, 齐齐哈尔市,富裕县,
230229,东北,黑龙江省, 齐齐哈尔市,克山县,
230230,东北,黑龙江省, 齐齐哈尔市,克东县,
230231,东北,黑龙江省, 齐齐哈尔市,拜泉县,
230281,东北,黑龙江省, 齐齐哈尔市,讷河市,
230300,东北,黑龙江省, 鸡西市,鸡西市,
230302,东北,黑龙江省, 鸡西市,鸡冠区,
230303,东北,黑龙江省, 鸡西市,恒山区,
230304,东北,黑龙江省, 鸡西市,滴道区,
230305,东北,黑龙江省, 鸡西市,梨树区,
230306,东北,黑龙江省, 鸡西市,城子河区,
230307,东北,黑龙江省, 鸡西市,麻山区,
230321,东北,黑龙江省, 鸡西市,鸡东县,
230381,东北,黑龙江省, 鸡西市,虎林市,
230382,东北,黑龙江省, 鸡西市,密山市,
230400,东北,黑龙江省, 鹤岗市,鹤岗市,
230402,东北,黑龙江省, 鹤岗市,向阳区,
230403,东北,黑龙江省, 鹤岗市,工农区,
230404,东北,黑龙江省, 鹤岗市,南山区,
230405,东北,黑龙江省, 鹤岗市,兴安区,
230406,东北,黑龙江省, 鹤岗市,东山区,
230407,东北,黑龙江省, 鹤岗市,兴山区,
230421,东北,黑龙江省, 鹤岗市,萝北县,
230422,东北,黑龙江省, 鹤岗市,绥滨县,
230500,东北,黑龙江省, 双鸭山市,双鸭山市,
230502,东北,黑龙江省, 双鸭山市,尖山区,
230503,东北,黑龙江省, 双鸭山市,岭东区,
230505,东北,黑龙江省, 双鸭山市,四方台区,
230506,东北,黑龙江省, 双鸭山市,宝山区,
230521,东北,黑龙江省, 双鸭山市,集贤县,
230522,东北,黑龙江省, 双鸭山市,友谊县,
230523,东北,黑龙江省, 双鸭山市,宝清县,
230524,东北,黑龙江省, 双鸭山市,饶河县,
230600,东北,黑龙江省, 大庆市,大庆市,
230602,东北,黑龙江省, 大庆市,萨尔图区,
230603,东北,黑龙江省, 大庆市,龙凤区,
230604,东北,黑龙江省, 大庆市,让胡路区,
230605,东北,黑龙江省, 大庆市,红岗区,
230606,东北,黑龙江省, 大庆市,大同区,
230621,东北,黑龙江省, 大庆市,肇州县,
230622,东北,黑龙江省, 大庆市,肇源县,
230623,东北,黑龙江省, 大庆市,林甸县,
230624,东北,黑龙江省, 大庆市,杜尔伯特蒙古族自治县,
230700,东北,黑龙江省, 伊春市,伊春市,
230717,东北,黑龙江省, 伊春市,伊美区,
230718,东北,黑龙江省, 伊春市,乌翠区,
230719,东北,黑龙江省, 伊春市,友好区,
230722,东北,黑龙江省, 伊春市,嘉荫县,
230723,东北,黑龙江省, 伊春市,汤旺县,
230724,东北,黑龙江省, 伊春市,丰林县,
230725,东北,黑龙江省, 伊春市,大箐山县,
230726,东北,黑龙江省, 伊春市,南岔县,
230751,东北,黑龙江省, 伊春市,金林区,
230781,东北,黑龙江省, 伊春市,铁力市,
230800,东北,黑龙江省, 佳木斯市,佳木斯市,
230803,东北,黑龙江省, 佳木斯市,向阳区,
230804,东北,黑龙江省, 佳木斯市,前进区,
230805,东北,黑龙江省, 佳木斯市,东风区,
230811,东北,黑龙江省, 佳木斯市,郊区,
230822,东北,黑龙江省, 佳木斯市,桦南县,
230826,东北,黑龙江省, 佳木斯市,桦川县,
230828,东北,黑龙江省, 佳木斯市,汤原县,
230881,东北,黑龙江省, 佳木斯市,同江市,
230882,东北,黑龙江省, 佳木斯市,富锦市,
230883,东北,黑龙江省, 佳木斯市,抚远市,
230900,东北,黑龙江省, 七台河市,七台河市,
230902,东北,黑龙江省, 七台河市,新兴区,
230903,东北,黑龙江省, 七台河市,桃山区,
230904,东北,黑龙江省, 七台河市,茄子河区,
230921,东北,黑龙江省, 七台河市,勃利县,
231000,东北,黑龙江省, 牡丹江市,牡丹江市,
231002,东北,黑龙江省, 牡丹江市,东安区,
231003,东北,黑龙江省, 牡丹江市,阳明区,
231004,东北,黑龙江省, 牡丹江市,爱民区,
231005,东北,黑龙江省, 牡丹江市,西安区,
231025,东北,黑龙江省, 牡丹江市,林口县,
231081,东北,黑龙江省, 牡丹江市,绥芬河市,
231083,东北,黑龙江省, 牡丹江市,海林市,
231084,东北,黑龙江省, 牡丹江市,宁安市,
231085,东北,黑龙江省, 牡丹江市,穆棱市,
231086,东北,黑龙江省, 牡丹江市,东宁市,
231100,东北,黑龙江省, 黑河市,黑河市,
231102,东北,黑龙江省, 黑河市,爱辉区,
231123,东北,黑龙江省, 黑河市,逊克县,
231124,东北,黑龙江省, 黑河市,孙吴县,
231181,东北,黑龙江省, 黑河市,北安市,
231182,东北,黑龙江省, 黑河市,五大连池市,
231183,东北,黑龙江省, 黑河市,嫩江市,
231200,东北,黑龙江省, 绥化市,绥化市,
231202,东北,黑龙江省, 绥化市,北林区,
231221,东北,黑龙江省, 绥化市,望奎县,
231222,东北,黑龙江省, 绥化市,兰西县,
231223,东北,黑龙江省, 绥化市,青冈县,
231224,东北,黑龙江省, 绥化市,庆安县,
231225,东北,黑龙江省, 绥化市,明水县,
231226,东北,黑龙江省, 绥化市,绥棱县,
231281,东北,黑龙江省, 绥化市,安达市,
231282,东北,黑龙江省, 绥化市,肇东市,
231283,东北,黑龙江省, 绥化市,海伦市,
232700,东北,黑龙江省, 大兴安岭地区,大兴安岭地区,
232701,东北,黑龙江省, 大兴安岭地区,漠河市,
232721,东北,黑龙江省, 大兴安岭地区,呼玛县,
232722,东北,黑龙江省, 大兴安岭地区,塔河县,
310000,华东,上海市,上海市,上海市,
310101,华东,上海市,上海市,黄浦区,
310104,华东,上海市,上海市,徐汇区,
310105,华东,上海市,上海市,长宁区,
310106,华东,上海市,上海市,静安区,
310107,华东,上海市,上海市,普陀区,
310109,华东,上海市,上海市,虹口区,
310110,华东,上海市,上海市,杨浦区,
310112,华东,上海市,上海市,闵行区,
310113,华东,上海市,上海市,宝山区,
310114,华东,上海市,上海市,嘉定区,
310115,华东,上海市,上海市,浦东新区,
310116,华东,上海市,上海市,金山区,
310117,华东,上海市,上海市,松江区,
310118,华东,上海市,上海市,青浦区,
310120,华东,上海市,上海市,奉贤区,
310151,华东,上海市,上海市,崇明区,
320000,华东,江苏省,江苏省,江苏省,
320100,华东,江苏省, 南京市,南京市,
320102,华东,江苏省, 南京市,玄武区,
320104,华东,江苏省, 南京市,秦淮区,
320105,华东,江苏省, 南京市,建邺区,
320106,华东,江苏省, 南京市,鼓楼区,
320111,华东,江苏省, 南京市,浦口区,
320113,华东,江苏省, 南京市,栖霞区,
320114,华东,江苏省, 南京市,雨花台区,
320115,华东,江苏省, 南京市,江宁区,
320116,华东,江苏省, 南京市,六合区,
320117,华东,江苏省, 南京市,溧水区,
320118,华东,江苏省, 南京市,高淳区,
320200,华东,江苏省, 无锡市,无锡市,
320205,华东,江苏省, 无锡市,锡山区,
320206,华东,江苏省, 无锡市,惠山区,
320211,华东,江苏省, 无锡市,滨湖区,
320213,华东,江苏省, 无锡市,梁溪区,
320214,华东,江苏省, 无锡市,新吴区,
320281,华东,江苏省, 无锡市,江阴市,
320282,华东,江苏省, 无锡市,宜兴市,
320300,华东,江苏省, 徐州市,徐州市,
320302,华东,江苏省, 徐州市,鼓楼区,
320303,华东,江苏省, 徐州市,云龙区,
320305,华东,江苏省, 徐州市,贾汪区,
320311,华东,江苏省, 徐州市,泉山区,
320312,华东,江苏省, 徐州市,铜山区,
320321,华东,江苏省, 徐州市,丰县,
320322,华东,江苏省, 徐州市,沛县,
320324,华东,江苏省, 徐州市,睢宁县,
320381,华东,江苏省, 徐州市,新沂市,
320382,华东,江苏省, 徐州市,邳州市,
320400,华东,江苏省, 常州市,常州市,
320402,华东,江苏省, 常州市,天宁区,
320404,华东,江苏省, 常州市,钟楼区,
320411,华东,江苏省, 常州市,新北区,
320412,华东,江苏省, 常州市,武进区,
320413,华东,江苏省, 常州市,金坛区,
320481,华东,江苏省, 常州市,溧阳市,
320500,华东,江苏省, 苏州市,苏州市,
320505,华东,江苏省, 苏州市,虎丘区,
320506,华东,江苏省, 苏州市,吴中区,
320507,华东,江苏省, 苏州市,相城区,
320508,华东,江苏省, 苏州市,姑苏区,
320509,华东,江苏省, 苏州市,吴江区,
320581,华东,江苏省, 苏州市,常熟市,
320582,华东,江苏省, 苏州市,张家港市,
320583,华东,江苏省, 苏州市,昆山市,
320585,华东,江苏省, 苏州市,太仓市,
320600,华东,江苏省, 南通市,南通市,
320612,华东,江苏省, 南通市,通州区,
320613,华东,江苏省, 南通市,崇川区,
320614,华东,江苏省, 南通市,海门区,
320623,华东,江苏省, 南通市,如东县,
320681,华东,江苏省, 南通市,启东市,
320682,华东,江苏省, 南通市,如皋市,
320685,华东,江苏省, 南通市,海安市,
320700,华东,江苏省, 连云港市,连云港市,
320703,华东,江苏省, 连云港市,连云区,
320706,华东,江苏省, 连云港市,海州区,
320707,华东,江苏省, 连云港市,赣榆区,
320722,华东,江苏省, 连云港市,东海县,
320723,华东,江苏省, 连云港市,灌云县,
320724,华东,江苏省, 连云港市,灌南县,
320800,华东,江苏省, 淮安市,淮安市,
320803,华东,江苏省, 淮安市,淮安区,
320804,华东,江苏省, 淮安市,淮阴区,
320812,华东,江苏省, 淮安市,清江浦区,
320813,华东,江苏省, 淮安市,洪泽区,
320826,华东,江苏省, 淮安市,涟水县,
320830,华东,江苏省, 淮安市,盱眙县,
320831,华东,江苏省, 淮安市,金湖县,
320900,华东,江苏省, 盐城市,盐城市,
320902,华东,江苏省, 盐城市,亭湖区,
320903,华东,江苏省, 盐城市,盐都区,
320904,华东,江苏省, 盐城市,大丰区,
320921,华东,江苏省, 盐城市,响水县,
320922,华东,江苏省, 盐城市,滨海县,
320923,华东,江苏省, 盐城市,阜宁县,
320924,华东,江苏省, 盐城市,射阳县,
320925,华东,江苏省, 盐城市,建湖县,
320981,华东,江苏省, 盐城市,东台市,
321000,华东,江苏省, 扬州市,扬州市,
321002,华东,江苏省, 扬州市,广陵区,
321003,华东,江苏省, 扬州市,邗江区,
321012,华东,江苏省, 扬州市,江都区,
321023,华东,江苏省, 扬州市,宝应县,
321081,华东,江苏省, 扬州市,仪征市,
321084,华东,江苏省, 扬州市,高邮市,
321100,华东,江苏省, 镇江市,镇江市,
321102,华东,江苏省, 镇江市,京口区,
321111,华东,江苏省, 镇江市,润州区,
321112,华东,江苏省, 镇江市,丹徒区,
321181,华东,江苏省, 镇江市,丹阳市,
321182,华东,江苏省, 镇江市,扬中市,
321183,华东,江苏省, 镇江市,句容市,
321200,华东,江苏省, 泰州市,泰州市,
321202,华东,江苏省, 泰州市,海陵区,
321203,华东,江苏省, 泰州市,高港区,
321204,华东,江苏省, 泰州市,姜堰区,
321281,华东,江苏省, 泰州市,兴化市,
321282,华东,江苏省, 泰州市,靖江市,
321283,华东,江苏省, 泰州市,泰兴市,
321300,华东,江苏省, 宿迁市,宿迁市,
321302,华东,江苏省, 宿迁市,宿城区,
321311,华东,江苏省, 宿迁市,宿豫区,
321322,华东,江苏省, 宿迁市,沭阳县,
321323,华东,江苏省, 宿迁市,泗阳县,
321324,华东,江苏省, 宿迁市,泗洪县,
330000,华东,浙江省,浙江省,浙江省,
330100,华东,浙江省, 杭州市,杭州市,
330102,华东,浙江省, 杭州市,上城区,
330105,华东,浙江省, 杭州市,拱墅区,
330106,华东,浙江省, 杭州市,西湖区,
330108,华东,浙江省, 杭州市,滨江区,
330109,华东,浙江省, 杭州市,萧山区,
330110,华东,浙江省, 杭州市,余杭区,
330111,华东,浙江省, 杭州市,富阳区,
330112,华东,浙江省, 杭州市,临安区,
330113,华东,浙江省, 杭州市,临平区,
330114,华东,浙江省, 杭州市,钱塘区,
330122,华东,浙江省, 杭州市,桐庐县,
330127,华东,浙江省, 杭州市,淳安县,
330182,华东,浙江省, 杭州市,建德市,
330200,华东,浙江省, 宁波市,宁波市,
330203,华东,浙江省, 宁波市,海曙区,
330205,华东,浙江省, 宁波市,江北区,
330206,华东,浙江省, 宁波市,北仑区,
330211,华东,浙江省, 宁波市,镇海区,
330212,华东,浙江省, 宁波市,鄞州区,
330213,华东,浙江省, 宁波市,奉化区,
330225,华东,浙江省, 宁波市,象山县,
330226,华东,浙江省, 宁波市,宁海县,
330281,华东,浙江省, 宁波市,余姚市,
330282,华东,浙江省, 宁波市,慈溪市,
330300,华东,浙江省, 温州市,温州市,
330302,华东,浙江省, 温州市,鹿城区,
330303,华东,浙江省, 温州市,龙湾区,
330304,华东,浙江省, 温州市,瓯海区,
330305,华东,浙江省, 温州市,洞头区,
330324,华东,浙江省, 温州市,永嘉县,
330326,华东,浙江省, 温州市,平阳县,
330327,华东,浙江省, 温州市,苍南县,
330328,华东,浙江省, 温州市,文成县,
330329,华东,浙江省, 温州市,泰顺县,
330381,华东,浙江省, 温州市,瑞安市,
330382,华东,浙江省, 温州市,乐清市,
330383,华东,浙江省, 温州市,龙港市,
330400,华东,浙江省, 嘉兴市,嘉兴市,
330402,华东,浙江省, 嘉兴市,南湖区,
330411,华东,浙江省, 嘉兴市,秀洲区,
330421,华东,浙江省, 嘉兴市,嘉善县,
330424,华东,浙江省, 嘉兴市,海盐县,
330481,华东,浙江省, 嘉兴市,海宁市,
330482,华东,浙江省, 嘉兴市,平湖市,
330483,华东,浙江省, 嘉兴市,桐乡市,
330500,华东,浙江省, 湖州市,湖州市,
330502,华东,浙江省, 湖州市,吴兴区,
330503,华东,浙江省, 湖州市,南浔区,
330521,华东,浙江省, 湖州市,德清县,
330522,华东,浙江省, 湖州市,长兴县,
330523,华东,浙江省, 湖州市,安吉县,
330600,华东,浙江省, 绍兴市,绍兴市,
330602,华东,浙江省, 绍兴市,越城区,
330603,华东,浙江省, 绍兴市,柯桥区,
330604,华东,浙江省, 绍兴市,上虞区,
330624,华东,浙江省, 绍兴市,新昌县,
330681,华东,浙江省, 绍兴市,诸暨市,
330683,华东,浙江省, 绍兴市,嵊州市,
330700,华东,浙江省, 金华市,金华市,
330702,华东,浙江省, 金华市,婺城区,
330703,华东,浙江省, 金华市,金东区,
330723,华东,浙江省, 金华市,武义县,
330726,华东,浙江省, 金华市,浦江县,
330727,华东,浙江省, 金华市,磐安县,
330781,华东,浙江省, 金华市,兰溪市,
330782,华东,浙江省, 金华市,义乌市,
330783,华东,浙江省, 金华市,东阳市,
330784,华东,浙江省, 金华市,永康市,
330800,华东,浙江省, 衢州市,衢州市,
330802,华东,浙江省, 衢州市,柯城区,
330803,华东,浙江省, 衢州市,衢江区,
330822,华东,浙江省, 衢州市,常山县,
330824,华东,浙江省, 衢州市,开化县,
330825,华东,浙江省, 衢州市,龙游县,
330881,华东,浙江省, 衢州市,江山市,
330900,华东,浙江省, 舟山市,舟山市,
330902,华东,浙江省, 舟山市,定海区,
330903,华东,浙江省, 舟山市,普陀区,
330921,华东,浙江省, 舟山市,岱山县,
330922,华东,浙江省, 舟山市,嵊泗县,
331000,华东,浙江省, 台州市,台州市,
331002,华东,浙江省, 台州市,椒江区,
331003,华东,浙江省, 台州市,黄岩区,
331004,华东,浙江省, 台州市,路桥区,
331022,华东,浙江省, 台州市,三门县,
331023,华东,浙江省, 台州市,天台县,
331024,华东,浙江省, 台州市,仙居县,
331081,华东,浙江省, 台州市,温岭市,
331082,华东,浙江省, 台州市,临海市,
331083,华东,浙江省, 台州市,玉环市,
331100,华东,浙江省, 丽水市,丽水市,
331102,华东,浙江省, 丽水市,莲都区,
331121,华东,浙江省, 丽水市,青田县,
331122,华东,浙江省, 丽水市,缙云县,
331123,华东,浙江省, 丽水市,遂昌县,
331124,华东,浙江省, 丽水市,松阳县,
331125,华东,浙江省, 丽水市,云和县,
331126,华东,浙江省, 丽水市,庆元县,
331127,华东,浙江省, 丽水市,景宁畲族自治县,
331181,华东,浙江省, 丽水市,龙泉市,
340000,华东,安徽省,安徽省,安徽省,
340100,华东,安徽省, 合肥市,合肥市,
340102,华东,安徽省, 合肥市,瑶海区,
340103,华东,安徽省, 合肥市,庐阳区,
340104,华东,安徽省, 合肥市,蜀山区,
340111,华东,安徽省, 合肥市,包河区,
340121,华东,安徽省, 合肥市,长丰县,
340122,华东,安徽省, 合肥市,肥东县,
340123,华东,安徽省, 合肥市,肥西县,
340124,华东,安徽省, 合肥市,庐江县,
340181,华东,安徽省, 合肥市,巢湖市,
340200,华东,安徽省, 芜湖市,芜湖市,
340202,华东,安徽省, 芜湖市,镜湖区,
340207,华东,安徽省, 芜湖市,鸠江区,
340209,华东,安徽省, 芜湖市,弋江区 ,
340210,华东,安徽省, 芜湖市,湾沚区 ,
340212,华东,安徽省, 芜湖市,繁昌区,
340223,华东,安徽省, 芜湖市,南陵县,
340281,华东,安徽省, 芜湖市,无为市,
340300,华东,安徽省, 蚌埠市,蚌埠市,
340302,华东,安徽省, 蚌埠市,龙子湖区,
340303,华东,安徽省, 蚌埠市,蚌山区,
340304,华东,安徽省, 蚌埠市,禹会区,
340311,华东,安徽省, 蚌埠市,淮上区,
340321,华东,安徽省, 蚌埠市,怀远县,
340322,华东,安徽省, 蚌埠市,五河县,
340323,华东,安徽省, 蚌埠市,固镇县,
340400,华东,安徽省, 淮南市,淮南市,
340402,华东,安徽省, 淮南市,大通区,
340403,华东,安徽省, 淮南市,田家庵区,
340404,华东,安徽省, 淮南市,谢家集区,
340405,华东,安徽省, 淮南市,八公山区,
340406,华东,安徽省, 淮南市,潘集区,
340421,华东,安徽省, 淮南市,凤台县,
340422,华东,安徽省, 淮南市,寿县,
340500,华东,安徽省, 马鞍山市,马鞍山市,
340503,华东,安徽省, 马鞍山市,花山区,
340504,华东,安徽省, 马鞍山市,雨山区,
340506,华东,安徽省, 马鞍山市,博望区,
340521,华东,安徽省, 马鞍山市,当涂县,
340522,华东,安徽省, 马鞍山市,含山县,
340523,华东,安徽省, 马鞍山市,和县,
340600,华东,安徽省, 淮北市,淮北市,
340602,华东,安徽省, 淮北市,杜集区,
340603,华东,安徽省, 淮北市,相山区,
340604,华东,安徽省, 淮北市,烈山区,
340621,华东,安徽省, 淮北市,濉溪县,
340700,华东,安徽省, 铜陵市, 铜陵市,
340705,华东,安徽省, 铜陵市,铜官区,
340706,华东,安徽省, 铜陵市,义安区,
340711,华东,安徽省, 铜陵市,郊区,
340722,华东,安徽省, 铜陵市,枞阳县,
340800,华东,安徽省, 安庆市,安庆市,
340802,华东,安徽省, 安庆市,迎江区,
340803,华东,安徽省, 安庆市,大观区,
340811,华东,安徽省, 安庆市,宜秀区,
340822,华东,安徽省, 安庆市,怀宁县,
340825,华东,安徽省, 安庆市,太湖县,
340826,华东,安徽省, 安庆市,宿松县,
340827,华东,安徽省, 安庆市,望江县,
340828,华东,安徽省, 安庆市,岳西县,
340881,华东,安徽省, 安庆市,桐城市,
340882,华东,安徽省, 安庆市,潜山市,
341000,华东,安徽省, 黄山市,黄山市,
341002,华东,安徽省, 黄山市,屯溪区,
341003,华东,安徽省, 黄山市,黄山区,
341004,华东,安徽省, 黄山市,徽州区,
341021,华东,安徽省, 黄山市,歙县,
341022,华东,安徽省, 黄山市,休宁县,
341023,华东,安徽省, 黄山市,黟县,
341024,华东,安徽省, 黄山市,祁门县,
341100,华东,安徽省, 滁州市,滁州市,
341102,华东,安徽省, 滁州市,琅琊区,
341103,华东,安徽省, 滁州市,南谯区,
341122,华东,安徽省, 滁州市,来安县,
341124,华东,安徽省, 滁州市,全椒县,
341125,华东,安徽省, 滁州市,定远县,
341126,华东,安徽省, 滁州市,凤阳县,
341181,华东,安徽省, 滁州市,天长市,
341182,华东,安徽省, 滁州市,明光市,
341200,华东,安徽省, 阜阳市,阜阳市,
341202,华东,安徽省, 阜阳市,颍州区,
341203,华东,安徽省, 阜阳市,颍东区,
341204,华东,安徽省, 阜阳市,颍泉区,
341221,华东,安徽省, 阜阳市,临泉县,
341222,华东,安徽省, 阜阳市,太和县,
341225,华东,安徽省, 阜阳市,阜南县,
341226,华东,安徽省, 阜阳市,颍上县,
341282,华东,安徽省, 阜阳市,界首市,
341300,华东,安徽省, 宿州市,宿州市,
341302,华东,安徽省, 宿州市,埇桥区,
341321,华东,安徽省, 宿州市,砀山县,
341322,华东,安徽省, 宿州市,萧县,
341323,华东,安徽省, 宿州市,灵璧县,
341324,华东,安徽省, 宿州市,泗县,
341500,华东,安徽省, 六安市,六安市,
341502,华东,安徽省, 六安市,金安区,
341503,华东,安徽省, 六安市,裕安区,
341504,华东,安徽省, 六安市,叶集区,
341522,华东,安徽省, 六安市,霍邱县,
341523,华东,安徽省, 六安市,舒城县,
341524,华东,安徽省, 六安市,金寨县,
341525,华东,安徽省, 六安市,霍山县,
341600,华东,安徽省, 亳州市, 亳州市,
341602,华东,安徽省, 亳州市,谯城区,
341621,华东,安徽省, 亳州市,涡阳县,
341622,华东,安徽省, 亳州市,蒙城县,
341623,华东,安徽省, 亳州市,利辛县,
341700,华东,安徽省, 池州市,池州市,
341702,华东,安徽省, 池州市,贵池区,
341721,华东,安徽省, 池州市,东至县,
341722,华东,安徽省, 池州市,石台县,
341723,华东,安徽省, 池州市,青阳县,
341800,华东,安徽省, 宣城市,宣城市,
341802,华东,安徽省, 宣城市,宣州区,
341821,华东,安徽省, 宣城市,郎溪县,
341823,华东,安徽省, 宣城市,泾县,
341824,华东,安徽省, 宣城市,绩溪县,
341825,华东,安徽省, 宣城市,旌德县,
341881,华东,安徽省, 宣城市,宁国市,
341882,华东,安徽省, 宣城市,广德市,
